id,age,bp,sg,al,su,rbc,pc,pcc,ba,bgr,bu,sc,sod,pot,hemo,pcv,wc,rc,htn,dm,cad,appet,pe,ane,classification,results
RDRRDR1956967341,48.0,80.0,1.02,1.0,0.0,,normal,notpresent,notpresent,121.0,36.0,1.2,,3.1,15.4,44,7800,5.2,yes,yes,no,good,no,no,ckd,1
RDRRDR1956967666,7.0,50.0,1.02,4.0,0.0,,normal,notpresent,notpresent,,18.0,0.8,,3.7,11.3,38,6000,,no,no,no,good,no,no,ckd,0
RDRRDR1956967696,62.0,80.0,1.01,2.0,3.0,normal,normal,notpresent,notpresent,423.0,53.0,1.8,,4.1,9.6,31,7500,,no,yes,no,poor,no,yes,ckd,0
RDRRDR1956967789,48.0,70.0,1.005,4.0,0.0,normal,abnormal,present,notpresent,117.0,56.0,3.8,111.0,2.5,11.2,32,6700,3.9,yes,no,no,poor,yes,yes,ckd,1
RDRRDR1956968416,51.0,80.0,1.01,2.0,0.0,normal,normal,notpresent,notpresent,106.0,26.0,1.4,,3.7,11.6,35,7300,4.6,no,no,no,good,no,no,ckd,0
RDRRDR1956968477,60.0,90.0,1.015,3.0,0.0,,,notpresent,notpresent,74.0,25.0,1.1,142.0,3.2,12.2,39,7800,4.4,yes,yes,no,good,yes,no,ckd,1
RDRRDR1956968487,68.0,70.0,1.01,0.0,0.0,,normal,notpresent,notpresent,100.0,54.0,24.0,104.0,4.0,12.4,36,,,no,no,no,good,no,no,ckd,0
RDRRDR1956968636,24.0,,1.015,2.0,4.0,normal,abnormal,notpresent,notpresent,410.0,31.0,1.1,,3.1,12.4,44,6900,5,no,yes,no,good,yes,no,ckd,1
RDRRDR1956969035,52.0,100.0,1.015,3.0,0.0,normal,abnormal,present,notpresent,138.0,60.0,1.9,,3.9,10.8,33,9600,4,yes,yes,no,good,no,yes,ckd,0
RDRRDR1956969172,53.0,90.0,1.02,2.0,0.0,abnormal,abnormal,present,notpresent,70.0,107.0,7.2,114.0,3.7,9.5,29,12100,3.7,yes,yes,no,poor,no,yes,ckd,0
RDRRDR1956969456,50.0,60.0,1.01,2.0,4.0,,abnormal,present,notpresent,490.0,55.0,4.0,,4.5,9.4,28,,,yes,yes,no,good,no,yes,ckd,0
RDRRDR1956969531,63.0,70.0,1.01,3.0,0.0,abnormal,abnormal,present,notpresent,380.0,60.0,2.7,131.0,4.2,10.8,32,4500,3.8,yes,yes,no,poor,yes,no,ckd,0
RDRRDR1956970047,68.0,70.0,1.015,3.0,1.0,,normal,present,notpresent,208.0,72.0,2.1,138.0,5.8,9.7,28,12200,3.4,yes,yes,yes,poor,yes,no,ckd,1
RDRRDR1956970424,68.0,70.0,,,,,,notpresent,notpresent,98.0,86.0,4.6,135.0,3.4,9.8,,,,yes,yes,yes,poor,yes,no,ckd,1
RDRRDR1956970860,68.0,80.0,1.01,3.0,2.0,normal,abnormal,present,present,157.0,90.0,4.1,130.0,6.4,5.6,16,11000,2.6,yes,yes,yes,poor,yes,no,ckd,1
RDRRDR1956971077,40.0,80.0,1.015,3.0,0.0,,normal,notpresent,notpresent,76.0,162.0,9.6,141.0,4.9,7.6,24,3800,2.8,yes,no,no,good,no,yes,ckd,0
RDRRDR1956971170,47.0,70.0,1.015,2.0,0.0,,normal,notpresent,notpresent,99.0,46.0,2.2,138.0,4.1,12.6,,,,no,no,no,good,no,no,ckd,0
RDRRDR1956971206,47.0,80.0,,,,,,notpresent,notpresent,114.0,87.0,5.2,139.0,3.7,12.1,,,,yes,no,no,poor,no,no,ckd,0
RDRRDR1956971473,60.0,100.0,1.025,0.0,3.0,,normal,notpresent,notpresent,263.0,27.0,1.3,135.0,4.3,12.7,37,11400,4.3,yes,yes,yes,good,no,no,ckd,0
RDRRDR1956971586,62.0,60.0,1.015,1.0,0.0,,abnormal,present,notpresent,100.0,31.0,1.6,,4.8,10.3,30,5300,3.7,yes,no,yes,good,no,no,ckd,0
RDRRDR1956971981,61.0,80.0,1.015,2.0,0.0,abnormal,abnormal,notpresent,notpresent,173.0,148.0,3.9,135.0,5.2,7.7,24,9200,3.2,yes,yes,yes,poor,yes,yes,ckd,0
RDRRDR1956972097,60.0,90.0,,,,,,notpresent,notpresent,,180.0,76.0,4.5,2.3,10.9,32,6200,3.6,yes,yes,yes,good,no,no,ckd,1
RDRRDR1956972116,48.0,80.0,1.025,4.0,0.0,normal,abnormal,notpresent,notpresent,95.0,163.0,7.7,136.0,3.8,9.8,32,6900,3.4,yes,no,no,good,no,yes,ckd,0
RDRRDR1956972270,21.0,70.0,1.01,0.0,0.0,,normal,notpresent,notpresent,,,,,4.5,,,,,no,no,no,poor,no,yes,ckd,0
RDRRDR1956972359,42.0,100.0,1.015,4.0,0.0,normal,abnormal,notpresent,present,,50.0,1.4,129.0,4.0,11.1,39,8300,4.6,yes,no,no,poor,no,no,ckd,0
RDRRDR1956972444,61.0,60.0,1.025,0.0,0.0,,normal,notpresent,notpresent,108.0,75.0,1.9,141.0,5.2,9.9,29,8400,3.7,yes,yes,no,good,no,yes,ckd,0
RDRRDR1956972557,75.0,80.0,1.015,0.0,0.0,,normal,notpresent,notpresent,156.0,45.0,2.4,140.0,3.4,11.6,35,10300,4,yes,yes,no,poor,no,no,ckd,1
RDRRDR1956972884,69.0,70.0,1.01,3.0,4.0,normal,abnormal,notpresent,notpresent,264.0,87.0,2.7,130.0,4.0,12.5,37,9600,4.1,yes,yes,yes,good,yes,no,ckd,0
RDRRDR1956973598,75.0,70.0,,1.0,3.0,,,notpresent,notpresent,123.0,31.0,1.4,,4.5,,,,,no,yes,no,good,no,no,ckd,0
RDRRDR1956973690,68.0,70.0,1.005,1.0,0.0,abnormal,abnormal,present,notpresent,,28.0,1.4,,4.5,12.9,38,,,no,no,yes,good,no,no,ckd,0
RDRRDR1956974706,,70.0,,,,,,notpresent,notpresent,93.0,155.0,7.3,132.0,4.9,,,,,yes, yes,no,good,no,no,ckd,0
RDRRDR1956975441,73.0,90.0,1.015,3.0,0.0,,abnormal,present,notpresent,107.0,33.0,1.5,141.0,4.6,10.1,30,7800,4,no,no,no,poor,no,no,ckd,0
RDRRDR1956975860,61.0,90.0,1.01,1.0,1.0,,normal,notpresent,notpresent,159.0,39.0,1.5,133.0,4.9,11.3,34,9600,4,yes,yes,no,poor,no,no,ckd,0
RDRRDR1956975876,60.0,100.0,1.02,2.0,0.0,abnormal,abnormal,notpresent,notpresent,140.0,55.0,2.5,,3.1,10.1,29,,,yes,no,no,poor,no,no,ckd,1
RDRRDR1956975927,70.0,70.0,1.01,1.0,0.0,normal,,present,present,171.0,153.0,5.2,,3.7,,,,,no,yes,no,poor,no,no,ckd,0
RDRRDR1956976187,65.0,90.0,1.02,2.0,1.0,abnormal,normal,notpresent,notpresent,270.0,39.0,2.0,,3.8,12.0,36,9800,4.9,yes,yes,no,poor,no,yes,ckd,0
RDRRDR1956976312,76.0,70.0,1.015,1.0,0.0,normal,normal,notpresent,notpresent,92.0,29.0,1.8,133.0,3.9,10.3,32,,,yes,no,no,good,no,no,ckd,0
RDRRDR1956976371,72.0,80.0,,,,,,notpresent,notpresent,137.0,65.0,3.4,141.0,4.7,9.7,28,6900,2.5,yes,yes,no,poor,no,yes,ckd	,0
RDRRDR1956976557,69.0,80.0,1.02,3.0,0.0,abnormal,normal,notpresent,notpresent,,103.0,4.1,132.0,5.9,12.5,,,,yes,no,no,good,no,no,ckd,1
RDRRDR1956976681,82.0,80.0,1.01,2.0,2.0,normal,,notpresent,notpresent,140.0,70.0,3.4,136.0,4.2,13.0,40,9800,4.2,yes,yes,no,good,no,no,ckd,0
RDRRDR1956977084,46.0,90.0,1.01,2.0,0.0,normal,abnormal,notpresent,notpresent,99.0,80.0,2.1,,3.8,11.1,32,9100,4.1,yes,no,	no,good,no,no,ckd,0
RDRRDR1956977187,45.0,70.0,1.01,0.0,0.0,,normal,notpresent,notpresent,,20.0,0.7,,3.8,,,,,no,no,no,good,yes,no,ckd,0
RDRRDR1956977618,47.0,100.0,1.01,0.0,0.0,,normal,notpresent,notpresent,204.0,29.0,1.0,139.0,4.2,9.7,33,9200,4.5,yes,no,no,good,no,yes,ckd,0
RDRRDR1956977624,35.0,80.0,1.01,1.0,0.0,abnormal,,notpresent,notpresent,79.0,202.0,10.8,134.0,3.4,7.9,24,7900,3.1,no,yes,no,good,no,no,ckd,1
RDRRDR1956978276,54.0,80.0,1.01,3.0,0.0,abnormal,abnormal,notpresent,notpresent,207.0,77.0,6.3,134.0,4.8,9.7,28,,,yes,yes,no,poor,yes,no,ckd,0
RDRRDR1956978410,54.0,80.0,1.02,3.0,0.0,,abnormal,notpresent,notpresent,208.0,89.0,5.9,130.0,4.9,9.3,,,,yes,yes,no,poor,yes,no,ckd,0
RDRRDR1956978668,48.0,70.0,1.015,0.0,0.0,,normal,notpresent,notpresent,124.0,24.0,1.2,142.0,4.2,12.4,37,6400,4.7,no,yes,no,good,no,no,ckd,0
RDRRDR1956979150,11.0,80.0,1.01,3.0,0.0,,normal,notpresent,notpresent,,17.0,0.8,,3.8,15.0,45,8600,,no,no,no,good,no,no,ckd,0
RDRRDR1956979437,73.0,70.0,1.005,0.0,0.0,normal,normal,notpresent,notpresent,70.0,32.0,0.9,125.0,4.0,10.0,29,18900,3.5,yes,yes,no,good,yes,no,ckd,0
RDRRDR1956979756,60.0,70.0,1.01,2.0,0.0,normal,abnormal,present,notpresent,144.0,72.0,3.0,,3.8,9.7,29,21600,3.5,yes,yes,no,poor,no,yes,ckd,0
RDRRDR1956979894,53.0,60.0,,,,,,notpresent,notpresent,91.0,114.0,3.25,142.0,4.3,8.6,28,11000,3.8,yes,yes,no,poor,yes,yes,ckd,0
RDRRDR1956979900,54.0,100.0,1.015,3.0,0.0,,normal,present,notpresent,162.0,66.0,1.6,136.0,4.4,10.3,33,,,yes,yes,no,poor,yes,no,ckd,0
RDRRDR1956979917,53.0,90.0,1.015,0.0,0.0,,normal,notpresent,notpresent,,38.0,2.2,,3.8,10.9,34,4300,3.7,no,no,no,poor,no,yes,ckd,0
RDRRDR1956980788,62.0,80.0,1.015,0.0,5.0,,,notpresent,notpresent,246.0,24.0,1.0,,3.8,13.6,40,8500,4.7,yes,yes,no,good,no,no,ckd,0
RDRRDR1956980883,63.0,80.0,1.01,2.0,2.0,normal,,notpresent,notpresent,,,3.4,136.0,4.2,13.0,40,9800,4.2,yes,no,yes,good,no,no,ckd,0
RDRRDR1956980972,35.0,80.0,1.005,3.0,0.0,abnormal,normal,notpresent,notpresent,,,,,3.8,9.5,28,,,no,no,no,good,yes,no,ckd,0
RDRRDR1956981427,76.0,70.0,1.015,3.0,4.0,normal,abnormal,present,notpresent,,164.0,9.7,131.0,4.4,10.2,30,11300,3.4,yes,yes,yes,poor,yes,no,ckd,0
RDRRDR1956981850,76.0,90.0,,,,,normal,notpresent,notpresent,93.0,155.0,7.3,132.0,4.9,,,,,yes,yes,yes,poor,no,no,ckd,0
RDRRDR1956982075,73.0,80.0,1.02,2.0,0.0,abnormal,abnormal,notpresent,notpresent,253.0,142.0,4.6,138.0,5.8,10.5,33,7200,4.3,yes,yes,yes,good,no,no,ckd,1
RDRRDR1956982383,59.0,100.0,,,,,,notpresent,notpresent,,96.0,6.4,,3.4,6.6,,,,yes,yes,no,good,no,yes,ckd,1
RDRRDR1956982449,67.0,90.0,1.02,1.0,0.0,,abnormal,present,notpresent,141.0,66.0,3.2,138.0,6.6,,,,,yes,no,no,good,no,no,ckd,1
RDRRDR1956982576,67.0,80.0,1.01,1.0,3.0,normal,abnormal,notpresent,notpresent,182.0,391.0,32.0,163.0,39.0,,,,,no,no,no,good,yes,no,ckd,1
RDRRDR1956982605,15.0,60.0,1.02,3.0,0.0,,normal,notpresent,notpresent,86.0,15.0,0.6,138.0,4.0,11.0,33,7700,3.8,yes,yes,no,good,no,no,ckd,0
RDRRDR1956983160,46.0,70.0,1.015,1.0,0.0,abnormal,normal,notpresent,notpresent,150.0,111.0,6.1,131.0,3.7,7.5,27,,,no,no,no,good,no,yes,ckd,0
RDRRDR1956983171,55.0,80.0,1.01,0.0,0.0,,normal,notpresent,notpresent,146.0,,,,3.4,9.8,,,,no,no,	no,good,no,no,ckd,1
RDRRDR1956983467,44.0,90.0,1.01,1.0,0.0,,normal,notpresent,notpresent,,20.0,1.1,,3.4,15.0,48,,,no,	no,no,good,no,no,ckd,1
RDRRDR1956983509,67.0,70.0,1.02,2.0,0.0,abnormal,normal,notpresent,notpresent,150.0,55.0,1.6,131.0,4.8,,	?,,,yes,yes,no,good,yes,no,ckd,0
RDRRDR1956983690,45.0,80.0,1.02,3.0,0.0,normal,abnormal,notpresent,notpresent,425.0,,,,3.4,,,,,no,no,no,poor,no,no,ckd,1
RDRRDR1956983851,65.0,70.0,1.01,2.0,0.0,,normal,present,notpresent,112.0,73.0,3.3,,3.4,10.9,37,,,no,no,no,good,no,no,ckd,1
RDRRDR1956983874,26.0,70.0,1.015,0.0,4.0,,normal,notpresent,notpresent,250.0,20.0,1.1,,3.4,15.6,52,6900,6,no,yes,no,good,no,no,ckd,1
RDRRDR1956983931,61.0,80.0,1.015,0.0,4.0,,normal,notpresent,notpresent,360.0,19.0,0.7,137.0,4.4,15.2,44,8300,5.2,yes,yes,no,good,no,no,ckd,0
RDRRDR1956984185,46.0,60.0,1.01,1.0,0.0,normal,normal,notpresent,notpresent,163.0,92.0,3.3,141.0,4.0,9.8,28,14600,3.2,yes,yes,no,good,no,no,ckd,0
RDRRDR1956984205,64.0,90.0,1.01,3.0,3.0,,abnormal,present,notpresent,,35.0,1.3,,3.4,10.3,,,,yes,yes,no,good,yes,no,ckd,1
RDRRDR1956984559,,100.0,1.015,2.0,0.0,abnormal,abnormal,notpresent,notpresent,129.0,107.0,6.7,132.0,4.4,4.8,14,6300,,yes,no,no,good,yes,yes,ckd,0
RDRRDR1956984864,56.0,90.0,1.015,2.0,0.0,abnormal,abnormal,notpresent,notpresent,129.0,107.0,6.7,131.0,4.8,9.1,29,6400,3.4,yes,no,no,good,no,no,ckd,0
RDRRDR1956984894,5.0,,1.015,1.0,0.0,,normal,notpresent,notpresent,,16.0,0.7,138.0,3.2,8.1,,,,no,no,no,good,no,yes,ckd,1
RDRRDR1956985129,48.0,80.0,1.005,4.0,0.0,abnormal,abnormal,notpresent,present,133.0,139.0,8.5,132.0,5.5,10.3,36,	6200,4,no,yes,no,good,yes,no,ckd,1
RDRRDR1956985535,67.0,70.0,1.01,1.0,0.0,,normal,notpresent,notpresent,102.0,48.0,3.2,137.0,5.0,11.9,34,7100,3.7,yes,yes,no,good,yes,no,ckd,0
RDRRDR1956985612,70.0,80.0,,,,,,notpresent,notpresent,158.0,85.0,3.2,141.0,3.5,10.1,30,,,yes,no,no,good,yes,no,ckd,1
RDRRDR1956985758,56.0,80.0,1.01,1.0,0.0,,normal,notpresent,notpresent,165.0,55.0,1.8,,3.4,13.5,40,11800,5,yes,yes,no,poor,yes,no,ckd,1
RDRRDR1956985764,74.0,80.0,1.01,0.0,0.0,,normal,notpresent,notpresent,132.0,98.0,2.8,133.0,5.0,10.8,31,9400,3.8,yes,yes,no,good,no,no,ckd,0
RDRRDR1956985973,45.0,90.0,,,,,,notpresent,notpresent,360.0,45.0,2.4,128.0,4.4,8.3,29,5500,3.7,yes,yes,no,good,no,no,ckd,0
RDRRDR1956986211,38.0,70.0,,,,,,notpresent,notpresent,104.0,77.0,1.9,140.0,3.9,,,,,yes,no,no,poor,yes,no,ckd,0
RDRRDR1956986359,48.0,70.0,1.015,1.0,0.0,normal,normal,notpresent,notpresent,127.0,19.0,1.0,134.0,3.6,,,,,yes,yes,no,good,no,no,ckd,0
RDRRDR1956986767,59.0,70.0,1.01,3.0,0.0,normal,abnormal,notpresent,notpresent,76.0,186.0,15.0,135.0,7.6,7.1,22,3800,2.1,yes,no,no,poor,yes,yes,ckd,1
RDRRDR1956987381,70.0,70.0,1.015,2.0,,,,notpresent,notpresent,,46.0,1.5,,3.4,9.9,,,,no,yes,no,poor,yes,no,ckd,1
RDRRDR1956987600,56.0,80.0,,,,,,notpresent,notpresent,415.0,37.0,1.9,,4.1,,,,,no,yes,no,good,no,no,ckd,0
RDRRDR1956987828,70.0,100.0,1.005,1.0,0.0,normal,abnormal,present,notpresent,169.0,47.0,2.9,,4.1,11.1,32,5800,5,yes,yes,no,poor,no,no,ckd,0
RDRRDR1956987904,58.0,110.0,1.01,4.0,0.0,,normal,notpresent,notpresent,251.0,52.0,2.2,,4.1,,,13200,4.7,yes,	yes,no,good,no,no,ckd,0
RDRRDR1956987950,50.0,70.0,1.02,0.0,0.0,,normal,notpresent,notpresent,109.0,32.0,1.4,139.0,4.7,,,,,no,no,no,poor,no,no,ckd,0
RDRRDR1956988145,63.0,100.0,1.01,2.0,2.0,normal,normal,notpresent,present,280.0,35.0,3.2,143.0,3.5,13.0,40,9800,4.2,yes,no,yes,good,no,no,ckd,1
RDRRDR1956988218,56.0,70.0,1.015,4.0,1.0,abnormal,normal,notpresent,notpresent,210.0,26.0,1.7,136.0,3.8,16.1,52,12500,5.6,no,no,no,good,no,no,ckd,0
RDRRDR1956988223,71.0,70.0,1.01,3.0,0.0,normal,abnormal,present,present,219.0,82.0,3.6,133.0,4.4,10.4,33,5600,3.6,yes,yes,yes,good,no,no,ckd,0
RDRRDR1956988477,73.0,100.0,1.01,3.0,2.0,abnormal,abnormal,present,notpresent,295.0,90.0,5.6,140.0,2.9,9.2,30,7000,3.2,yes,yes,yes,poor,no,no,ckd,1
RDRRDR1956989093,65.0,70.0,1.01,0.0,0.0,,normal,notpresent,notpresent,93.0,66.0,1.6,137.0,4.5,11.6,36,11900,3.9,no,yes,no,good,no,no,ckd,0
RDRRDR1956989514,62.0,90.0,1.015,1.0,0.0,,normal,notpresent,notpresent,94.0,25.0,1.1,131.0,3.7,,,,,yes,no,no,good,yes,yes,ckd,0
RDRRDR1956989526,60.0,80.0,1.01,1.0,1.0,,normal,notpresent,notpresent,172.0,32.0,2.7,,4.1,11.2,36,,,no,yes,yes,poor,no,no,ckd,0
RDRRDR1956989560,65.0,60.0,1.015,1.0,0.0,,normal,notpresent,notpresent,91.0,51.0,2.2,132.0,3.8,10.0,32,9100,4,yes,yes,no,poor,yes,no,ckd,0
RDRRDR1956989561,50.0,140.0,,,,,,notpresent,notpresent,101.0,106.0,6.5,135.0,4.3,6.2,18,5800,2.3,yes,yes,no,poor,no,yes,ckd,0
RDRRDR1956989601,56.0,180.0,,0.0,4.0,,abnormal,notpresent,notpresent,298.0,24.0,1.2,139.0,3.9,11.2,32,10400,4.2,yes,yes,no,poor,yes,no,ckd,0
RDRRDR1956989914,34.0,70.0,1.015,4.0,0.0,abnormal,abnormal,notpresent,notpresent,153.0,22.0,0.9,133.0,3.8,,,,,no,no,no,good,yes,no,ckd,0
RDRRDR1956990288,71.0,90.0,1.015,2.0,0.0,,abnormal,present,present,88.0,80.0,4.4,139.0,5.7,11.3,33,10700,3.9,no,no,no,good,no,no,ckd,1
RDRRDR1956990413,17.0,60.0,1.01,0.0,0.0,,normal,notpresent,notpresent,92.0,32.0,2.1,141.0,4.2,13.9,52,7000,,no,no,no,good,no,no,ckd,0
RDRRDR1956990568,76.0,70.0,1.015,2.0,0.0,normal,abnormal,present,notpresent,226.0,217.0,10.2,,4.1,10.2,36,12700,4.2,yes,no,no,poor,yes,yes,ckd,0
RDRRDR1956990729,55.0,90.0,,,,,,notpresent,notpresent,143.0,88.0,2.0,,4.1,,,,,yes,yes,no,poor,yes,no,ckd,0
RDRRDR1956991009,65.0,80.0,1.015,0.0,0.0,,normal,notpresent,notpresent,115.0,32.0,11.5,139.0,4.0,14.1,42,6800,5.2,no,no,no,good,no,no,ckd,0
RDRRDR1956991673,50.0,90.0,,,,,,notpresent,notpresent,89.0,118.0,6.1,127.0,4.4,6.0,17,6500,,yes,yes,no,good,yes,yes,ckd,0
RDRRDR1956991704,55.0,100.0,1.015,1.0,4.0,normal,,notpresent,notpresent,297.0,53.0,2.8,139.0,4.5,11.2,34,13600,4.4,yes,yes,no,good,no,no,ckd,0
RDRRDR1956991723,45.0,80.0,1.015,0.0,0.0,,abnormal,notpresent,notpresent,107.0,15.0,1.0,141.0,4.2,11.8,37,10200,4.2,no,no,no,good,no,no,ckd,0
RDRRDR1956992030,54.0,70.0,,,,,,notpresent,notpresent,233.0,50.1,1.9,,4.1,11.7,,,,no,yes,no,good,no,no,ckd,0
RDRRDR1956992144,63.0,90.0,1.015,0.0,0.0,,normal,notpresent,notpresent,123.0,19.0,2.0,142.0,3.8,11.7,34,11400,4.7,no,no,no,good,no,no,ckd,0
RDRRDR1956992349,65.0,80.0,1.01,3.0,3.0,,normal,notpresent,notpresent,294.0,71.0,4.4,128.0,5.4,10.0,32,9000,3.9,yes,yes,yes,good,no,no,ckd,1
RDRRDR1956993007,,60.0,1.015,3.0,0.0,abnormal,abnormal,notpresent,notpresent,,34.0,1.2,,5.1,10.8,33,,,no,no,no,good,no,no,ckd,0
RDRRDR1956993080,61.0,90.0,1.015,0.0,2.0,,normal,notpresent,notpresent,,,,,4.6,,,9800,,no,yes,no,poor,no,yes,ckd,0
RDRRDR1956993206,12.0,60.0,1.015,3.0,0.0,abnormal,abnormal,present,notpresent,,51.0,1.8,,5.4,12.1,,10300,,no,no,no,good,no,no,ckd,1
RDRRDR1956994067,47.0,80.0,1.01,0.0,0.0,,abnormal,notpresent,notpresent,,28.0,0.9,,5.4,12.4,44,5600,4.3,no,no,no,good,no,yes,ckd,1
RDRRDR1956995196,,70.0,1.015,4.0,0.0,abnormal,normal,notpresent,notpresent,104.0,16.0,0.5,,5.4,,,,,no,no,no,good,yes,no,ckd,1
RDRRDR1956995505,,70.0,1.02,0.0,0.0,,,notpresent,notpresent,219.0,36.0,1.3,139.0,3.7,12.5,37,9800,4.4,no,no,no,good,no,no,ckd,0
RDRRDR1956995679,55.0,70.0,1.01,3.0,0.0,,normal,notpresent,notpresent,99.0,25.0,1.2,,5.1,11.4,,,,no,no,no,poor,yes,no,ckd,0
RDRRDR1956995762,60.0,70.0,1.01,0.0,0.0,,normal,notpresent,notpresent,140.0,27.0,1.2,,5.1,,,,,no,no,no,good,no,no,ckd,0
RDRRDR1956995852,72.0,90.0,1.025,1.0,3.0,,normal,notpresent,notpresent,323.0,40.0,2.2,137.0,5.3,12.6,,,,no,yes,yes,poor,no,no,ckd,1
RDRRDR1956996081,54.0,60.0,,3.0,,,,notpresent,notpresent,125.0,21.0,1.3,137.0,3.4,15.0,46,,,yes,yes,no,good,yes,no,ckd,1
RDRRDR1956996385,34.0,70.0,,,,,,notpresent,notpresent,,219.0,12.2,130.0,3.8,6.0,,,,yes,no,no,good,no,yes,ckd,0
RDRRDR1956996470,43.0,80.0,1.015,2.0,3.0,,abnormal,present,present,,30.0,1.1,,4.7,14.0,42,14900,,no,no,no,good,no,no,ckd,0
RDRRDR1956996673,65.0,100.0,1.015,0.0,0.0,,normal,notpresent,notpresent,90.0,98.0,2.5,,4.1,9.1,28,5500,3.6,yes,no,no,good,no,no,ckd,0
RDRRDR1956996730,72.0,90.0,,,,,,notpresent,notpresent,308.0,36.0,2.5,131.0,4.3,,,,,yes,yes,no,poor,no,no,ckd,0
RDRRDR1956996765,70.0,90.0,1.015,0.0,0.0,,normal,notpresent,notpresent,144.0,125.0,4.0,136.0,4.6,12.0,37,8200,4.5,yes,yes,no,poor,yes,no,ckd,0
RDRRDR1956996776,71.0,60.0,1.015,4.0,0.0,normal,normal,notpresent,notpresent,118.0,125.0,5.3,136.0,4.9,11.4,35,15200,4.3,yes,yes,no,poor,yes,no,ckd,0
RDRRDR1956997143,52.0,90.0,1.015,4.0,3.0,normal,abnormal,notpresent,notpresent,224.0,166.0,5.6,133.0,47.0,8.1,23,5000,2.9,yes,yes,no,good,no,yes,ckd,1
RDRRDR1956997352,75.0,70.0,1.025,1.0,0.0,,normal,notpresent,notpresent,158.0,49.0,1.4,135.0,4.7,11.1,,,,yes,no,no,poor,yes,no,ckd,0
RDRRDR1956997619,50.0,90.0,1.01,2.0,0.0,normal,abnormal,present,present,128.0,208.0,9.2,134.0,4.8,8.2,22,16300,2.7,no,no,no,poor,yes,yes,ckd,0
RDRRDR1956998370,5.0,50.0,1.01,0.0,0.0,,normal,notpresent,notpresent,,25.0,0.6,,4.1,11.8,36,12400,,no,no,no,good,no,no,ckd,0
RDRRDR1956998532,50.0,,,,,normal,,notpresent,notpresent,219.0,176.0,13.8,136.0,4.5,8.6,24,13200,2.7,yes,no,no,good,yes,yes,ckd,0
RDRRDR1956998538,70.0,100.0,1.015,4.0,0.0,normal,normal,notpresent,notpresent,118.0,125.0,5.3,136.0,4.9,12.0,37,	8400,8,yes,no,no,good,no,no,ckd,0
RDRRDR1956998698,47.0,100.0,1.01,,,normal,,notpresent,notpresent,122.0,,16.9,138.0,5.2,10.8,33,10200,3.8,no,yes,no,good,no,no,ckd,0
RDRRDR1956998704,48.0,80.0,1.015,0.0,2.0,,normal,notpresent,notpresent,214.0,24.0,1.3,140.0,4.0,13.2,39,,,no,yes,no,poor,no,no,ckd,0
RDR1957000040,46.0,90.0,1.02,,,,normal,notpresent,notpresent,213.0,68.0,2.8,146.0,6.3,9.3,,,,yes,yes,no,good,no,no,ckd,1
RDR1957000077,45.0,60.0,1.01,2.0,0.0,normal,abnormal,present,notpresent,268.0,86.0,4.0,134.0,5.1,10.0,29,9200,,yes,yes,no,good,no,no,ckd,0
RDR1957000152,73.0,,1.01,1.0,0.0,,,notpresent,notpresent,95.0,51.0,1.6,142.0,3.5,,,,,no,	no,no,good,no,no,ckd,1
RDR1957000290,41.0,70.0,1.015,2.0,0.0,,abnormal,notpresent,present,,68.0,2.8,132.0,4.1,11.1,33,,,yes,no,no,good,yes,yes,ckd,0
RDR1957000314,69.0,70.0,1.01,0.0,4.0,,normal,notpresent,notpresent,256.0,40.0,1.2,142.0,5.6,,,,,no,no,no,good,no,no,ckd,1
RDR1957000336,67.0,70.0,1.01,1.0,0.0,normal,normal,notpresent,notpresent,,106.0,6.0,137.0,4.9,6.1,19,6500,,yes,no,no,good,no,yes,ckd,0
RDR1957000372,72.0,90.0,,,,,,notpresent,notpresent,84.0,145.0,7.1,135.0,5.3,,,,,no,yes,no,good,no,no,ckd,1
RDR1957000788,41.0,80.0,1.015,1.0,4.0,abnormal,normal,notpresent,notpresent,210.0,165.0,18.0,135.0,4.7,,,,,no,yes,no,good,no,no,ckd,0
RDR1957001049,60.0,90.0,1.01,2.0,0.0,abnormal,normal,notpresent,notpresent,105.0,53.0,2.3,136.0,5.2,11.1,33,10500,4.1,no,no,no,good,no,no,ckd,0
RDR1957001370,57.0,90.0,1.015,5.0,0.0,abnormal,abnormal,notpresent,present,,322.0,13.0,126.0,4.8,8.0,24,4200,3.3,yes,yes,yes,poor,yes,yes,ckd,0
RDR1957001496,53.0,100.0,1.01,1.0,3.0,abnormal,normal,notpresent,notpresent,213.0,23.0,1.0,139.0,4.0,,,,,no,yes,no,good,no,no,ckd,0
RDR1957001506,60.0,60.0,1.01,3.0,1.0,normal,abnormal,present,notpresent,288.0,36.0,1.7,130.0,3.0,7.9,25,15200,3,yes,no,no,poor,no,yes,ckd,1
RDR1957001854,69.0,60.0,,,,,,notpresent,notpresent,171.0,26.0,48.1,,4.1,,,,,yes,no,no,poor,no,no,ckd,0
RDR1957001967,65.0,70.0,1.02,1.0,0.0,abnormal,abnormal,notpresent,notpresent,139.0,29.0,1.0,,4.1,10.5,32,,,yes,no,no,good,yes,no,ckd,0
RDR1957002082,8.0,60.0,1.025,3.0,0.0,normal,normal,notpresent,notpresent,78.0,27.0,0.9,,4.1,12.3,41,6700,,no,no,no,poor,yes,no,ckd,0
RDR1957002773,76.0,90.0,,,,,,notpresent,notpresent,172.0,46.0,1.7,141.0,5.5,9.6,30,,,yes,yes,no,good,no,yes,ckd,1
RDR1957002923,39.0,70.0,1.01,0.0,0.0,,normal,notpresent,notpresent,121.0,20.0,0.8,133.0,3.5,10.9,32,,,no,yes,no,good,no,no,ckd,1
RDR1957003048,55.0,90.0,1.01,2.0,1.0,abnormal,abnormal,notpresent,notpresent,273.0,235.0,14.2,132.0,3.4,8.3,22,14600,2.9,yes,yes,no,poor,yes,yes,ckd,1
RDR1957003356,56.0,90.0,1.005,4.0,3.0,abnormal,abnormal,notpresent,notpresent,242.0,132.0,16.4,140.0,4.2,8.4,26,,3,yes,yes,no,poor,yes,yes,ckd,0
RDR1957003440,50.0,70.0,1.02,3.0,0.0,abnormal,normal,present,present,123.0,40.0,1.8,,4.1,11.1,36,4700,,no,no,no,good,no,no,ckd,0
RDR1957003715,66.0,90.0,1.015,2.0,0.0,,normal,notpresent,present,153.0,76.0,3.3,,4.1,,,,,no,no,no,poor,no,no,ckd,0
RDR1957004184,62.0,70.0,1.025,3.0,0.0,normal,abnormal,notpresent,notpresent,122.0,42.0,1.7,136.0,4.7,12.6,39,7900,3.9,yes,yes,no,good,no,no,ckd,0
RDR1957004519,71.0,60.0,1.02,3.0,2.0,normal,normal,present,notpresent,424.0,48.0,1.5,132.0,4.0,10.9,31,,,yes,yes,yes,good,no,no,ckd,0
RDR1957004606,59.0,80.0,1.01,1.0,0.0,abnormal,normal,notpresent,notpresent,303.0,35.0,1.3,122.0,3.5,10.4,35,10900,4.3,no,yes,no,poor,no,no,ckd,1
RDR1957004749,81.0,60.0,,,,,,notpresent,notpresent,148.0,39.0,2.1,147.0,4.2,10.9,35,9400,2.4,yes,yes,yes,poor,yes,no,ckd,0
RDR1957005165,62.0,,1.015,3.0,0.0,abnormal,,notpresent,notpresent,,,,,4.1,14.3,42,10200,4.8,yes,yes,no,good,no,no,ckd,0
RDR1957005226,59.0,70.0,,,,,,notpresent,notpresent,204.0,34.0,1.5,124.0,4.1,9.8,37,6000,	?,no,yes,no,good,no,no,ckd,0
RDR1957005279,46.0,80.0,1.01,0.0,0.0,,normal,notpresent,notpresent,160.0,40.0,2.0,140.0,4.1,9.0,27,8100,3.2,yes,no,no,poor,no,yes,ckd,0
RDR1957005410,14.0,,1.015,0.0,0.0,,,notpresent,notpresent,192.0,15.0,0.8,137.0,4.2,14.3,40,9500,5.4,no,yes,no,poor,yes,no,ckd,0
RDR1957005696,60.0,80.0,1.02,0.0,2.0,,,notpresent,notpresent,,,,,4.1,,,,,no,yes,no,good,no,no,ckd,0
RDR1957005713,27.0,60.0,,,,,,notpresent,notpresent,76.0,44.0,3.9,127.0,4.3,,,,,no,no,no,poor,yes,yes,ckd,0
RDR1957005817,34.0,70.0,1.02,0.0,0.0,abnormal,normal,notpresent,notpresent,139.0,19.0,0.9,,4.8,12.7,42,2200,,no,no,no,poor,no,no,ckd,0
RDR1957006033,65.0,70.0,1.015,4.0,4.0,,normal,present,notpresent,307.0,28.0,1.5,,4.8,11.0,39,6700,,yes,yes,no,good,no,no,ckd,0
RDR1957006074,,70.0,1.01,0.0,2.0,,normal,notpresent,notpresent,220.0,68.0,2.8,,4.8,8.7,27,,,yes,yes,no,good,no,yes,ckd,0
RDR1957006098,66.0,70.0,1.015,2.0,5.0,,normal,notpresent,notpresent,447.0,41.0,1.7,131.0,3.9,12.5,33,9600,4.4,yes,yes,no,good,no,no,ckd,0
RDR1957006245,83.0,70.0,1.02,3.0,0.0,normal,normal,notpresent,notpresent,102.0,60.0,2.6,115.0,5.7,8.7,26,12800,3.1,yes,no,no,poor,no,yes,ckd,1
RDR1957006307,62.0,80.0,1.01,1.0,2.0,,,notpresent,notpresent,309.0,113.0,2.9,130.0,2.5,10.6,34,12800,4.9,no,no,no,good,no,no,ckd,1
RDR1957006547,17.0,70.0,1.015,1.0,0.0,abnormal,normal,notpresent,notpresent,22.0,1.5,7.3,145.0,2.8,13.1,41,11200,,no,no,no,good,no,no,ckd,1
RDR1957006674,54.0,70.0,,,,,,notpresent,notpresent,111.0,146.0,7.5,141.0,4.7,11.0,35,8600,4.6,no,no,no,good,no,no,ckd,0
RDR1957006725,60.0,50.0,1.01,0.0,0.0,,normal,notpresent,notpresent,261.0,58.0,2.2,113.0,3.0,,,4200,3.4,yes,no,no,good,no,no,ckd,1
RDR1957006830,21.0,90.0,1.01,4.0,0.0,normal,abnormal,present,present,107.0,40.0,1.7,125.0,3.5,8.3,23,12400,3.9,no,no,no,good,no,yes,ckd,1
RDR1957006947,65.0,80.0,1.015,2.0,1.0,normal,normal,present,notpresent,215.0,133.0,2.5,,4.8,13.2,41,,,no,yes,no,good,no,no,ckd,0
RDR1957007167,42.0,90.0,1.02,2.0,0.0,abnormal,abnormal,present,notpresent,93.0,153.0,2.7,139.0,4.3,9.8,34,9800,,no,no,no,poor,yes,yes,ckd,0
RDR1957007268,72.0,90.0,1.01,2.0,0.0,,abnormal,present,notpresent,124.0,53.0,2.3,,4.8,11.9,39,,,no,no,no,good,no,no,ckd,0
RDR1957007357,73.0,90.0,1.01,1.0,4.0,abnormal,abnormal,present,notpresent,234.0,56.0,1.9,,4.8,10.3,28,,,no,yes,no,good,no,no,ckd,0
RDR1957007394,45.0,70.0,1.025,2.0,0.0,normal,abnormal,present,notpresent,117.0,52.0,2.2,136.0,3.8,10.0,30,19100,3.7,no,no,no,good,no,no,ckd,0
RDR1957007437,61.0,80.0,1.02,0.0,0.0,,normal,notpresent,notpresent,131.0,23.0,0.8,140.0,4.1,11.3,35,,,no,no,no,good,no,no,ckd,0
RDR1957007633,30.0,70.0,1.015,0.0,0.0,,normal,notpresent,notpresent,101.0,106.0,6.5,135.0,4.3,,,,,no,no,no,poor,no,no,ckd,0
RDR1957007981,54.0,60.0,1.015,3.0,2.0,,abnormal,notpresent,notpresent,352.0,137.0,3.3,133.0,4.5,11.3,31,5800,3.6,yes,yes,yes,poor,yes,no,ckd,0
RDR1957008075,4.0,,1.02,1.0,0.0,,normal,notpresent,notpresent,99.0,23.0,0.6,138.0,4.4,12.0,34,	?,,no,no,no,good,no,no,ckd,0
RDR1957008193,8.0,50.0,1.02,4.0,0.0,normal,normal,notpresent,notpresent,,46.0,1.0,135.0,3.8,,,,,no,no,no,good,yes,no,ckd,0
RDR1957008287,3.0,,1.01,2.0,0.0,normal,normal,notpresent,notpresent,,22.0,0.7,,4.8,10.7,34,12300,,no,no,no,good,no,no,ckd,0
RDR1957008292,8.0,,,,,,,notpresent,notpresent,80.0,66.0,2.5,142.0,3.6,12.2,38,,,no,	no,no,good,no,no,ckd,0
RDR1957008434,64.0,60.0,1.01,4.0,1.0,abnormal,abnormal,notpresent,present,239.0,58.0,4.3,137.0,5.4,9.5,29,7500,3.4,yes,yes,no,poor,yes,no,ckd,1
RDR1957008478,6.0,60.0,1.01,4.0,0.0,abnormal,abnormal,notpresent,present,94.0,67.0,1.0,135.0,4.9,9.9,30,16700,4.8,no,no,no,poor,no,no,ckd,0
RDR1957008498,,70.0,1.01,3.0,0.0,normal,normal,notpresent,notpresent,110.0,115.0,6.0,134.0,2.7,9.1,26,9200,3.4,yes,yes,no,poor,no,no,ckd,1
RDR1957008766,46.0,110.0,1.015,0.0,0.0,,normal,notpresent,notpresent,130.0,16.0,0.9,,4.8,,,,,no,no,no,good,no,no,ckd,0
RDR1957008802,32.0,90.0,1.025,1.0,0.0,abnormal,abnormal,notpresent,notpresent,,223.0,18.1,113.0,6.5,5.5,15,2600,2.8,yes,yes,no,poor,yes,yes,ckd,1
RDR1957008987,80.0,70.0,1.01,2.0,,,abnormal,notpresent,notpresent,,49.0,1.2,,4.8,,,,,yes,	yes,no,good,no,no,ckd,0
RDR1957009454,70.0,90.0,1.02,2.0,1.0,abnormal,abnormal,notpresent,present,184.0,98.6,3.3,138.0,3.9,5.8,,,,yes,yes,yes,poor,no,no,ckd,0
RDR1957009666,49.0,100.0,1.01,3.0,0.0,abnormal,abnormal,notpresent,notpresent,129.0,158.0,11.8,122.0,3.2,8.1,24,9600,3.5,yes,yes,no,poor,yes,yes,ckd,1
RDR1957010072,57.0,80.0,,,,,,notpresent,notpresent,,111.0,9.3,124.0,5.3,6.8,,4300,3,yes,yes,no,good,no,yes,ckd,1
RDR1957010329,59.0,100.0,1.02,4.0,2.0,normal,normal,notpresent,notpresent,252.0,40.0,3.2,137.0,4.7,11.2,30,26400,3.9,yes,yes,no,poor,yes,no,ckd,0
RDR1957010415,65.0,80.0,1.015,0.0,0.0,,normal,notpresent,notpresent,92.0,37.0,1.5,140.0,5.2,8.8,25,10700,3.2,yes,no,yes,good,yes,no,ckd,0
RDR1957011291,90.0,90.0,1.025,1.0,0.0,,normal,notpresent,notpresent,139.0,89.0,3.0,140.0,4.1,12.0,37,7900,3.9,yes,yes,no,good,no,no,ckd,0
RDR1957011738,64.0,70.0,,,,,,notpresent,notpresent,113.0,94.0,7.3,137.0,4.3,7.9,21,,,yes,yes,yes,good,yes,yes,ckd,0
RDR1957012476,78.0,60.0,,,,,,notpresent,notpresent,114.0,74.0,2.9,135.0,5.9,8.0,24,,,no,yes,no,good,no,yes,ckd,1
RDR1957012535,,90.0,,,,,,notpresent,notpresent,207.0,80.0,6.8,142.0,5.5,8.5,,,,yes,yes,no,good,no,yes,ckd,1
RDR1957012769,65.0,90.0,1.01,4.0,2.0,normal,normal,notpresent,notpresent,172.0,82.0,13.5,145.0,6.3,8.8,31,,,yes,yes,no,good,yes,yes,ckd,1
RDR1957013149,61.0,70.0,,,,,,notpresent,notpresent,100.0,28.0,2.1,,4.1,12.6,43,,,yes,yes,no,good,no,no,ckd,0
RDR1957013166,60.0,70.0,1.01,1.0,0.0,,normal,notpresent,notpresent,109.0,96.0,3.9,135.0,4.0,13.8,41,,,yes,no,no,good,no,no,ckd,0
RDR1957013488,50.0,70.0,1.01,0.0,0.0,,normal,notpresent,notpresent,230.0,50.0,2.2,,4.1,12.0,41,10400,4.6,yes,yes,no,good,no,no,ckd,0
RDR1957013697,67.0,80.0,,,,,,notpresent,notpresent,341.0,37.0,1.5,,4.1,12.3,41,6900,4.9,yes,yes,no,good,no,yes,ckd,0
RDR1957013723,19.0,70.0,1.02,0.0,0.0,,normal,notpresent,notpresent,,,,,4.1,11.5,,6900,,no,no,no,good,no,no,ckd,0
RDR1957013804,59.0,100.0,1.015,4.0,2.0,normal,normal,notpresent,notpresent,255.0,132.0,12.8,135.0,5.7,7.3,20,9800,3.9,yes,yes,yes,good,no,yes,ckd,1
RDR1957013885,54.0,120.0,1.015,0.0,0.0,,normal,notpresent,notpresent,103.0,18.0,1.2,,4.1,,,,,no,no,no,good,no,no,ckd,0
RDR1957013895,40.0,70.0,1.015,3.0,4.0,normal,normal,notpresent,notpresent,253.0,150.0,11.9,132.0,5.6,10.9,31,8800,3.4,yes,yes,no,poor,yes,no,ckd,1
RDR1957013896,55.0,80.0,1.01,3.0,1.0,normal,abnormal,present,present,214.0,73.0,3.9,137.0,4.9,10.9,34,7400,3.7,yes,yes,no,good,yes,no,ckd,0
RDR1957014267,68.0,80.0,1.015,0.0,0.0,,abnormal,notpresent,notpresent,171.0,30.0,1.0,,4.1,13.7,	43,4900,5.2,no,yes,no,good,no,no,ckd,0
RDR1957014389,2.0,,1.01,3.0,0.0,normal,abnormal,notpresent,notpresent,,,,,4.1,,,,,no,no,no,good,yes,no,ckd,0
RDR1957014493,64.0,70.0,1.01,0.0,0.0,,normal,notpresent,notpresent,107.0,15.0,,,4.1,12.8,38,,,no,no,no,good,no,no,ckd,0
RDR1957014517,63.0,100.0,1.01,1.0,0.0,,normal,notpresent,notpresent,78.0,61.0,1.8,141.0,4.4,12.2,36,10500,4.3,no,yes,no,good,no,no,ckd,0
RDR1957014653,33.0,90.0,1.015,0.0,0.0,,normal,notpresent,notpresent,92.0,19.0,0.8,,4.1,11.8,34,7000,,no,no,no,good,no,no,ckd,0
RDR1957014706,68.0,90.0,1.01,0.0,0.0,,normal,notpresent,notpresent,238.0,57.0,2.5,,3.8,9.8,28,8000,3.3,yes,yes,no,poor,no,no,ckd,0
RDR1957015287,36.0,80.0,1.01,0.0,0.0,,normal,notpresent,notpresent,103.0,,,,4.3,11.9,36,8800,,no,no,no,good,no,no,ckd,0
RDR1957015475,66.0,70.0,1.02,1.0,0.0,normal,,notpresent,notpresent,248.0,30.0,1.7,138.0,5.3,,,,,yes,yes,no,good,no,no,ckd,1
RDR1957015719,74.0,60.0,,,,,,notpresent,notpresent,108.0,68.0,1.8,,4.3,,,,,yes,yes,no,good,no,no,ckd,0
RDR1957016086,71.0,90.0,1.01,0.0,3.0,,normal,notpresent,notpresent,303.0,30.0,1.3,136.0,4.1,13.0,38,9200,4.6,yes,yes,no,good,no,no,ckd,0
RDR1957016169,34.0,60.0,1.02,0.0,0.0,,normal,notpresent,notpresent,117.0,28.0,2.2,138.0,3.8,,,,,no,no,no,good,yes,no,ckd,0
RDR1957016339,60.0,90.0,1.01,3.0,5.0,abnormal,normal,notpresent,present,490.0,95.0,2.7,131.0,3.8,11.5,35,12000,4.5,yes,yes,no,good,no,no,ckd,0
RDR1957016697,64.0,100.0,1.015,4.0,2.0,abnormal,abnormal,notpresent,present,163.0,54.0,7.2,140.0,4.6,7.9,26,7500,3.4,yes,yes,no,good,yes,no,ckd,0
RDR1957016818,57.0,80.0,1.015,0.0,0.0,,normal,notpresent,notpresent,120.0,48.0,1.6,,4.1,11.3,36,7200,3.8,yes,yes,no,good,no,no,ckd,0
RDR1957017164,60.0,70.0,,,,,,notpresent,notpresent,124.0,52.0,2.5,,3.5,,,,,yes,no,no,good,no,no,ckd,1
RDR1957017177,59.0,50.0,1.01,3.0,0.0,normal,abnormal,notpresent,notpresent,241.0,191.0,12.0,114.0,2.9,9.6,31,15700,3.8,no,yes,no,good,yes,no,ckd,1
RDR1957017320,65.0,60.0,1.01,2.0,0.0,normal,abnormal,present,notpresent,192.0,17.0,1.7,130.0,4.3,,,9500,,yes,yes,no,poor,no,no,ckd	,0
RDR1957017333,60.0,90.0,,,,,,notpresent,notpresent,269.0,51.0,2.8,138.0,3.7,11.5,35,,,yes,yes,yes,good,yes,no,ckd,0
RDR1957017486,50.0,90.0,1.015,1.0,0.0,abnormal,abnormal,notpresent,notpresent,,,,,4.1,,,,,no,no,no,good,yes,no,ckd,0
RDR1957017522,51.0,100.0,1.015,2.0,0.0,normal,normal,notpresent,present,93.0,20.0,1.6,146.0,4.5,,,,,no,no,no,poor,no,no,ckd,0
RDR1957017595,37.0,100.0,1.01,0.0,0.0,abnormal,normal,notpresent,notpresent,,19.0,1.3,,4.5,15.0,44,4100,5.2,yes,no,no,good,no,no,ckd,0
RDR1957017610,45.0,70.0,1.01,2.0,0.0,,normal,notpresent,notpresent,113.0,93.0,2.3,,3.4,7.9,26,5700,,no,no,yes,good,no,yes,ckd,1
RDR1957018061,65.0,80.0,,,,,,notpresent,notpresent,74.0,66.0,2.0,136.0,5.4,9.1,25,,,yes,yes,yes,good,yes,no,ckd,1
RDR1957018162,80.0,70.0,1.015,2.0,2.0,,normal,notpresent,notpresent,141.0,53.0,2.2,,4.1,12.7,40,9600,,yes,yes,no,poor,yes,no,ckd,0
RDR1957018678,72.0,100.0,,,,,,notpresent,notpresent,201.0,241.0,13.4,127.0,4.8,9.4,28,,,yes,yes,no,good,no,yes,ckd,0
RDR1957019034,34.0,90.0,1.015,2.0,0.0,normal,normal,notpresent,notpresent,104.0,50.0,1.6,137.0,4.1,11.9,39,,,no,no,no,good,no,no,ckd,0
RDR1957019121,65.0,70.0,1.015,1.0,0.0,,normal,notpresent,notpresent,203.0,46.0,1.4,,4.1,11.4,36,5000,4.1,yes,yes,no,poor,yes,no,ckd,0
RDR1957019458,57.0,70.0,1.015,1.0,0.0,,abnormal,notpresent,notpresent,165.0,45.0,1.5,140.0,3.3,10.4,31,4200,3.9,no,no,no,good,no,no,ckd,1
RDR19570RDR19556,69.0,70.0,1.01,4.0,3.0,normal,abnormal,present,present,214.0,96.0,6.3,120.0,3.9,9.4,28,11500,3.3,yes,yes,yes,good,yes,yes,ckd,0
RDR1957019715,62.0,90.0,1.02,2.0,1.0,,normal,notpresent,notpresent,169.0,48.0,2.4,138.0,2.9,13.4,47,11000,6.1,yes,no,no,good,no,no,ckd,1
RDR1957019766,64.0,90.0,1.015,3.0,2.0,,abnormal,present,notpresent,463.0,64.0,2.8,135.0,4.1,12.2,40,9800,4.6,yes,yes,no,good,no,yes,ckd,0
RDR1957020180,48.0,100.0,,,,,,notpresent,notpresent,103.0,79.0,5.3,135.0,6.3,6.3,19,7200,2.6,yes,no,yes,poor,no,no,ckd,1
RDR1957020385,48.0,110.0,1.015,3.0,0.0,abnormal,normal,present,notpresent,106.0,215.0,15.2,120.0,5.7,8.6,26,5000,2.5,yes,no,yes,good,no,yes,ckd,1
RDR1957020390,54.0,90.0,1.025,1.0,0.0,normal,abnormal,notpresent,notpresent,150.0,18.0,1.2,140.0,4.2,,,,,no,no,no,poor,yes,yes,ckd,0
RDR1957020593,59.0,70.0,1.01,1.0,3.0,abnormal,abnormal,notpresent,notpresent,424.0,55.0,1.7,138.0,4.5,12.6,37,10200,4.1,yes,yes,yes,good,no,no,ckd,0
RDR1957020624,56.0,90.0,1.01,4.0,1.0,normal,abnormal,present,notpresent,176.0,309.0,13.3,124.0,6.5,3.1,9,5400,2.1,yes,yes,no,poor,yes,yes,ckd,1
RDR1957020702,40.0,80.0,1.025,0.0,0.0,normal,normal,notpresent,notpresent,140.0,10.0,1.2,135.0,5.0,15.0,48,10400,4.5,no,no,no,good,no,no,notckd,0
RDR1957020861,23.0,80.0,1.025,0.0,0.0,normal,normal,notpresent,notpresent,70.0,36.0,1.0,150.0,4.6,17.0,52,9800,5,no,no,no,good,no,no,notckd,0
RDR1957021039,45.0,80.0,1.025,0.0,0.0,normal,normal,notpresent,notpresent,82.0,49.0,0.6,147.0,4.4,15.9,46,9100,4.7,no,no,no,good,no,no,notckd,0
RDR1957021224,57.0,80.0,1.025,0.0,0.0,normal,normal,notpresent,notpresent,119.0,17.0,1.2,135.0,4.7,15.4,42,6200,6.2,no,no,no,good,no,no,notckd,0
RDR1957021305,51.0,60.0,1.025,0.0,0.0,normal,normal,notpresent,notpresent,99.0,38.0,0.8,135.0,3.7,13.0,49,8300,5.2,no,no,no,good,no,no,notckd,0
RDR1957021321,34.0,80.0,1.025,0.0,0.0,normal,normal,notpresent,notpresent,121.0,27.0,1.2,144.0,3.9,13.6,52,9200,6.3,no,no,no,good,no,no,notckd,0
RDR1957021486,60.0,80.0,1.025,0.0,0.0,normal,normal,notpresent,notpresent,131.0,10.0,0.5,146.0,5.0,14.5,41,10700,5.1,no,no,no,good,no,no,notckd,0
RDR1957021631,38.0,60.0,1.02,0.0,0.0,normal,normal,notpresent,notpresent,91.0,36.0,0.7,135.0,3.7,14.0,46,9100,5.8,no,no,no,good,no,no,notckd,0
RDR1957022610,42.0,80.0,1.02,0.0,0.0,normal,normal,notpresent,notpresent,98.0,20.0,0.5,140.0,3.5,13.9,44,8400,5.5,no,no,no,good,no,no,notckd,1
RDR1957022799,35.0,80.0,1.02,0.0,0.0,normal,normal,notpresent,notpresent,104.0,31.0,1.2,135.0,5.0,16.1,45,4300,5.2,no,no,no,good,no,no,notckd,0
RDR1957023061,30.0,80.0,1.02,0.0,0.0,normal,normal,notpresent,notpresent,131.0,38.0,1.0,147.0,3.8,14.1,45,9400,5.3,no,no,no,good,no,no,notckd,0
RDR1957023133,49.0,80.0,1.02,0.0,0.0,normal,normal,notpresent,notpresent,122.0,32.0,1.2,139.0,3.9,17.0,41,5600,4.9,no,no,no,good,no,no,notckd,0
RDR1957023263,55.0,80.0,1.02,0.0,0.0,normal,normal,notpresent,notpresent,118.0,18.0,0.9,135.0,3.6,15.5,43,7200,5.4,no,no,no,good,no,no,notckd,0
RDR1957023739,45.0,80.0,1.02,0.0,0.0,normal,normal,notpresent,notpresent,117.0,46.0,1.2,137.0,5.0,16.2,45,8600,5.2,no,no,no,good,no,no,notckd,0
RDR1957023842,42.0,80.0,1.02,0.0,0.0,normal,normal,notpresent,notpresent,132.0,24.0,0.7,140.0,4.1,14.4,50,5000,4.5,no,no,no,good,no,no,notckd,0
RDR1957023917,50.0,80.0,1.02,0.0,0.0,normal,normal,notpresent,notpresent,97.0,40.0,0.6,150.0,4.5,14.2,48,10500,5,no,no,no,good,no,no,notckd,0
RDR1957024334,55.0,80.0,1.02,0.0,0.0,normal,normal,notpresent,notpresent,133.0,17.0,1.2,135.0,4.8,13.2,41,6800,5.3,no,no,no,good,no,no,notckd,0
RDR1957025428,48.0,80.0,1.025,0.0,0.0,normal,normal,notpresent,notpresent,122.0,33.0,0.9,146.0,3.9,13.9,48,9500,4.8,no,no,no,good,no,no,notckd,0
RDR1957026475,,80.0,,,,,,notpresent,notpresent,100.0,49.0,1.0,140.0,5.0,16.3,53,8500,4.9,no,no,no,good,no,no,notckd,0
RDR1957027495,25.0,80.0,1.025,0.0,0.0,normal,normal,notpresent,notpresent,121.0,19.0,1.2,142.0,4.9,15.0,48,6900,5.3,no,no,no,good,no,no,notckd,0
RDR1957027630,23.0,80.0,1.025,0.0,0.0,normal,normal,notpresent,notpresent,111.0,34.0,1.1,145.0,4.0,14.3,41,7200,5,no,no,no,good,no,no,notckd,0
RDR1957027687,30.0,80.0,1.025,0.0,0.0,normal,normal,notpresent,notpresent,96.0,25.0,0.5,144.0,4.8,13.8,42,9000,4.5,no,no,no,good,no,no,notckd,0
RDR1957027841,56.0,80.0,1.025,0.0,0.0,normal,normal,notpresent,notpresent,139.0,15.0,1.2,135.0,5.0,14.8,42,5600,5.5,no,no,no,good,no,no,notckd,0
RDR1957028656,47.0,80.0,1.02,0.0,0.0,normal,normal,notpresent,notpresent,95.0,35.0,0.9,140.0,4.1,,,,,no,no,no,good,no,no,notckd,0
RDR1957028775,19.0,80.0,1.02,0.0,0.0,normal,normal,notpresent,notpresent,107.0,23.0,0.7,141.0,4.2,14.4,44,,,no,no,no,good,no,no,notckd,0
RDR1957028895,52.0,80.0,1.02,0.0,0.0,normal,normal,notpresent,notpresent,125.0,22.0,1.2,139.0,4.6,16.5,43,4700,4.6,no,no,no,good,no,no,notckd,0
RDR1957029111,20.0,60.0,1.025,0.0,0.0,normal,normal,notpresent,notpresent,,,,137.0,4.7,14.0,41,4500,5.5,no,no,no,good,no,no,notckd,0
RDR1957029634,46.0,60.0,1.025,0.0,0.0,normal,normal,notpresent,notpresent,123.0,46.0,1.0,135.0,5.0,15.7,50,6300,4.8,no,no,no,good,no,no,notckd,0
RDR1957029641,48.0,60.0,1.02,0.0,0.0,normal,normal,notpresent,notpresent,112.0,44.0,1.2,142.0,4.9,14.5,44,9400,6.4,no,no,no,good,no,no,notckd,0
RDR1957029899,24.0,70.0,1.025,0.0,0.0,normal,normal,notpresent,notpresent,140.0,23.0,0.6,140.0,4.7,16.3,48,5800,5.6,no,no,no,good,no,no,notckd,0
RDR1957030196,47.0,80.0,,,,,,notpresent,notpresent,93.0,33.0,0.9,144.0,4.5,13.3,52,8100,5.2,no,no,no,good,no,no,notckd,0
RDR1957030545,55.0,80.0,1.025,0.0,0.0,normal,normal,notpresent,notpresent,130.0,50.0,1.2,147.0,5.0,15.5,41,9100,6,no,no,no,good,no,no,notckd,0
RDR1957030596,20.0,70.0,1.02,0.0,0.0,normal,normal,notpresent,notpresent,123.0,44.0,1.0,135.0,3.8,14.6,44,5500,4.8,no,no,no,good,no,no,notckd,0
RDR1957030622,60.0,70.0,1.02,0.0,0.0,normal,normal,notpresent,notpresent,,,,,4.5,16.4,43,10800,5.7,no,no,no,good,no,no,notckd,0
RDR1957030793,33.0,80.0,1.025,0.0,0.0,normal,normal,notpresent,notpresent,100.0,37.0,1.2,142.0,4.0,16.9,52,6700,6,no,no,no,good,no,no,notckd,0
RDR1957031520,66.0,70.0,1.02,0.0,0.0,normal,normal,notpresent,notpresent,94.0,19.0,0.7,135.0,3.9,16.0,41,5300,5.9,no,no,no,good,no,no,notckd,0
RDR1957031859,71.0,70.0,1.02,0.0,0.0,normal,normal,notpresent,notpresent,81.0,18.0,0.8,145.0,5.0,14.7,44,9800,6,no,no,no,good,no,no,notckd,0
RDR1957032014,39.0,70.0,1.025,0.0,0.0,normal,normal,notpresent,notpresent,124.0,22.0,0.6,137.0,3.8,13.4,43,,,no,no,no,good,no,no,notckd,0
RDR1957032051,56.0,70.0,1.025,0.0,0.0,normal,normal,notpresent,notpresent,70.0,46.0,1.2,135.0,4.9,15.9,50,11000,5.1,,,,good,no,no,notckd,0
RDR1957032114,42.0,70.0,1.02,0.0,0.0,normal,normal,notpresent,notpresent,93.0,32.0,0.9,143.0,4.7,16.6,43,7100,5.3,no,no,no,good,no,no,notckd,0
RDR1957032127,54.0,70.0,1.02,0.0,0.0,,,,,76.0,28.0,0.6,146.0,3.5,14.8,52,8400,5.9,no,no,no,good,no,no,notckd,1
RDR1957032228,47.0,80.0,1.025,0.0,0.0,normal,normal,notpresent,notpresent,124.0,44.0,1.0,140.0,4.9,14.9,41,7000,5.7,no,no,no,good,no,no,notckd,0
RDR1957032539,30.0,80.0,1.02,0.0,0.0,normal,normal,notpresent,notpresent,89.0,42.0,0.5,139.0,5.0,16.7,52,10200,5,no,no,no,good,no,no,notckd,0
RDR1957033043,50.0,,1.02,0.0,0.0,normal,normal,notpresent,notpresent,92.0,19.0,1.2,150.0,4.8,14.9,48,4700,5.4,no,no,no,good,no,no,notckd,0
RDR1957033103,75.0,60.0,1.02,0.0,0.0,normal,normal,notpresent,notpresent,110.0,50.0,0.7,135.0,5.0,14.3,40,8300,5.8,no,no,no,,,,notckd,0
RDR1957033219,44.0,70.0,,,,,,notpresent,notpresent,106.0,25.0,0.9,150.0,3.6,15.0,50,9600,6.5,no,no,no,good,no,no,notckd,0
RDR1957033558,41.0,70.0,1.02,0.0,0.0,normal,normal,notpresent,notpresent,125.0,38.0,0.6,140.0,5.0,16.8,41,6300,5.9,no,no,no,good,no,no,notckd,0
RDR1957033776,53.0,60.0,1.025,0.0,0.0,normal,normal,notpresent,notpresent,116.0,26.0,1.0,146.0,4.9,15.8,45,7700,5.2,,,,good,no,no,notckd,0
RDR1957033815,34.0,60.0,1.02,0.0,0.0,normal,normal,notpresent,notpresent,91.0,49.0,1.2,135.0,4.5,13.5,48,8600,4.9,no,no,no,good,no,no,notckd,0
RDR1957033874,73.0,60.0,1.02,0.0,0.0,normal,normal,notpresent,notpresent,127.0,48.0,0.5,150.0,3.5,15.1,52,11000,4.7,no,no,no,good,no,no,notckd,1
RDR1957033901,45.0,60.0,1.02,0.0,0.0,normal,normal,,,114.0,26.0,0.7,141.0,4.2,15.0,43,9200,5.8,no,no,no,good,no,no,notckd,0
RDR1957034202,44.0,60.0,1.025,0.0,0.0,normal,normal,notpresent,notpresent,96.0,33.0,0.9,147.0,4.5,16.9,41,7200,5,no,no,no,good,no,no,notckd,0
RDR1957034289,29.0,70.0,1.02,0.0,0.0,normal,normal,notpresent,notpresent,127.0,44.0,1.2,145.0,5.0,14.8,48,,,no,no,no,good,no,no,notckd,0
RDR1957034434,55.0,70.0,1.02,0.0,0.0,normal,normal,notpresent,notpresent,107.0,26.0,1.1,,4.5,17.0,50,6700,6.1,no,no,no,good,no,no,notckd,0
RDR1957034566,33.0,80.0,1.025,0.0,0.0,normal,normal,notpresent,notpresent,128.0,38.0,0.6,135.0,3.9,13.1,45,6200,4.5,no,no,no,good,no,no,notckd,0
RDR1957034940,41.0,80.0,1.02,0.0,0.0,normal,normal,notpresent,notpresent,122.0,25.0,0.8,138.0,5.0,17.1,41,9100,5.2,no,no,no,good,no,no,notckd,0
RDR1957034983,52.0,80.0,1.02,0.0,0.0,normal,normal,notpresent,notpresent,128.0,30.0,1.2,140.0,4.5,15.2,52,4300,5.7,no,no,no,good,no,no,notckd,0
RDR1957035419,47.0,60.0,1.02,0.0,0.0,normal,normal,notpresent,notpresent,137.0,17.0,0.5,150.0,3.5,13.6,44,7900,4.5,no,no,no,good,no,no,notckd,1
RDR1957035564,43.0,80.0,1.025,0.0,0.0,normal,normal,notpresent,notpresent,81.0,46.0,0.6,135.0,4.9,13.9,48,6900,4.9,no,no,no,good,no,no,notckd,0
RDR1957035950,51.0,60.0,1.02,0.0,0.0,,,notpresent,notpresent,129.0,25.0,1.2,139.0,5.0,17.2,40,8100,5.9,no,no,no,good,no,no,notckd,0
RDR1957036183,46.0,60.0,1.02,0.0,0.0,normal,normal,notpresent,notpresent,102.0,27.0,0.7,142.0,4.9,13.2,44,11000,5.4,no,no,no,good,no,no,notckd,0
RDR1957037405,56.0,60.0,1.025,0.0,0.0,normal,normal,notpresent,notpresent,132.0,18.0,1.1,147.0,4.7,13.7,45,7500,5.6,no,no,no,good,no,no,notckd,0
RDR1957037860,80.0,70.0,1.02,0.0,0.0,normal,normal,notpresent,notpresent,,,,135.0,4.1,15.3,48,6300,6.1,no,no,no,good,no,no,notckd,0
RDR1957038324,55.0,80.0,1.02,0.0,0.0,normal,normal,notpresent,notpresent,104.0,28.0,0.9,142.0,4.8,17.3,52,8200,4.8,no,no,no,good,no,no,notckd,0
RDR1957038398,39.0,70.0,1.025,0.0,0.0,normal,normal,notpresent,notpresent,131.0,46.0,0.6,145.0,5.0,15.6,41,9400,4.7,no,no,no,good,no,no,notckd,0
RDR1957038470,44.0,70.0,1.025,0.0,0.0,normal,normal,notpresent,notpresent,,,,,4.5,13.8,48,7800,4.4,no,no,no,good,no,no,notckd,0
RDR1957038475,35.0,,1.02,0.0,0.0,normal,normal,,,99.0,30.0,0.5,135.0,4.9,15.4,48,5000,5.2,no,no,no,good,no,no,notckd,0
RDR1957038477,58.0,70.0,1.02,0.0,0.0,normal,normal,notpresent,notpresent,102.0,48.0,1.2,139.0,4.3,15.0,40,8100,4.9,no,no,no,good,no,no,notckd,0
RDR1957038763,61.0,70.0,1.025,0.0,0.0,normal,normal,notpresent,notpresent,120.0,29.0,0.7,137.0,3.5,17.4,52,7000,5.3,no,no,no,good,no,no,notckd,1
RDR1957038970,30.0,60.0,1.02,0.0,0.0,normal,normal,notpresent,notpresent,138.0,15.0,1.1,135.0,4.4,,,,,no,no,no,good,no,no,notckd,0
RDR1957039203,57.0,60.0,1.02,0.0,0.0,normal,normal,notpresent,notpresent,105.0,49.0,1.2,150.0,4.7,15.7,44,10400,6.2,no,no,no,good,no,no,notckd,0
RDR1957039456,65.0,60.0,1.02,0.0,0.0,normal,normal,notpresent,notpresent,109.0,39.0,1.0,144.0,3.5,13.9,48,9600,4.8,no,no,no,good,no,no,notckd,1
RDR1957039841,70.0,60.0,,,,,,notpresent,notpresent,120.0,40.0,0.5,140.0,4.6,16.0,43,4500,4.9,no,no,no,good,no,no,notckd,0
RDR1957039894,43.0,80.0,1.025,0.0,0.0,normal,normal,notpresent,notpresent,130.0,30.0,1.1,143.0,5.0,15.9,45,7800,4.5,no,no,no,good,no,no,notckd,0
RDR1957039922,40.0,80.0,1.02,0.0,0.0,normal,normal,notpresent,notpresent,119.0,15.0,0.7,150.0,4.9,,,,,no,no,no,good,no,no,notckd,0
RDR1957039947,58.0,80.0,1.02,0.0,0.0,normal,normal,notpresent,notpresent,100.0,50.0,1.2,140.0,3.5,14.0,50,6700,6.5,no,no,no,good,no,no,notckd,1
RDR1957040172,47.0,60.0,1.02,0.0,0.0,normal,normal,notpresent,notpresent,109.0,25.0,1.1,141.0,4.7,15.8,41,8300,5.2,no,no,no,good,no,no,notckd,0
RDR1957040395,30.0,60.0,1.025,0.0,0.0,normal,normal,notpresent,notpresent,120.0,31.0,0.8,150.0,4.6,13.4,44,10700,5.8,no,no,no,good,no,no,notckd,0
RDR1957040988,28.0,70.0,1.02,0.0,0.0,normal,normal,,,131.0,29.0,0.6,145.0,4.9,,45,8600,6.5,no,no,no,good,no,no,notckd,0
RDR1957041569,33.0,60.0,1.025,0.0,0.0,normal,normal,notpresent,notpresent,80.0,25.0,0.9,146.0,3.5,14.1,48,7800,5.1,no,no,no,good,no,no,notckd,1
RDR1957041648,43.0,80.0,1.02,0.0,0.0,normal,normal,notpresent,notpresent,114.0,32.0,1.1,135.0,3.9,,42,,,no,no,no,good,no,no,notckd,0
RDR1957041745,59.0,70.0,1.025,0.0,0.0,normal,normal,notpresent,notpresent,130.0,39.0,0.7,147.0,4.7,13.5,46,6700,4.5,no,no,no,good,no,no,notckd,0
RDR1957041767,34.0,70.0,1.025,0.0,0.0,normal,normal,notpresent,notpresent,,33.0,1.0,150.0,5.0,15.3,44,10500,6.1,no,no,no,good,no,no,notckd,0
RDR1957041812,23.0,80.0,1.02,0.0,0.0,normal,normal,notpresent,notpresent,99.0,46.0,1.2,142.0,4.0,17.7,46,4300,5.5,no,no,no,good,no,no,notckd,0
RDR1957041856,24.0,80.0,1.025,0.0,0.0,normal,normal,notpresent,notpresent,125.0,,,136.0,3.5,15.4,43,5600,4.5,no,no,no,good,no,no,notckd,1
RDR1957042008,60.0,60.0,1.02,0.0,0.0,normal,normal,notpresent,notpresent,134.0,45.0,0.5,139.0,4.8,14.2,48,10700,5.6,no,no,no,good,no,no,notckd,0
RDR1957042316,25.0,60.0,1.02,0.0,0.0,normal,normal,notpresent,notpresent,119.0,27.0,0.5,,4.5,15.2,40,9200,5.2,no,no,no,good,no,no,notckd,0
RDR1957042474,44.0,70.0,1.025,0.0,0.0,normal,normal,notpresent,notpresent,92.0,40.0,0.9,141.0,4.9,14.0,52,7500,6.2,no,no,no,good,no,no,notckd,0
RDR1957042509,62.0,80.0,1.02,0.0,0.0,normal,normal,notpresent,notpresent,132.0,34.0,0.8,147.0,3.5,17.8,44,4700,4.5,no,no,no,good,no,no,notckd,1
RDR1957042579,25.0,70.0,1.02,0.0,0.0,normal,normal,notpresent,notpresent,88.0,42.0,0.5,136.0,3.5,13.3,48,7000,4.9,no,no,no,good,no,no,notckd,1
RDR1957042734,32.0,70.0,1.025,0.0,0.0,normal,normal,notpresent,notpresent,100.0,29.0,1.1,142.0,4.5,14.3,43,6700,5.9,no,no,no,good,no,no,notckd,0
RDR1957042799,63.0,70.0,1.025,0.0,0.0,normal,normal,notpresent,notpresent,130.0,37.0,0.9,150.0,5.0,13.4,41,7300,4.7,no,no,no,good,no,no,notckd,0
RDR1957042862,44.0,60.0,1.02,0.0,0.0,normal,normal,notpresent,notpresent,95.0,46.0,0.5,138.0,4.2,15.0,50,7700,6.3,no,no,no,good,no,no,notckd,0
RDR1957043226,37.0,60.0,1.025,0.0,0.0,normal,normal,notpresent,notpresent,111.0,35.0,0.8,135.0,4.1,16.2,50,5500,5.7,no,no,no,good,no,no,notckd,0
RDR1957043241,64.0,60.0,1.02,0.0,0.0,normal,normal,notpresent,notpresent,106.0,27.0,0.7,150.0,3.3,14.4,42,8100,4.7,no,no,no,good,no,no,notckd,1
RDR1957044366,22.0,60.0,1.025,0.0,0.0,normal,normal,notpresent,notpresent,97.0,18.0,1.2,138.0,4.3,13.5,42,7900,6.4,no,no,no,good,no,no,notckd,0
RDR1957044680,33.0,60.0,,,,normal,normal,notpresent,notpresent,130.0,41.0,0.9,141.0,4.4,15.5,52,4300,5.8,no,no,no,good,no,no,notckd,0
RDR1957044694,43.0,60.0,1.025,0.0,0.0,normal,normal,notpresent,notpresent,108.0,25.0,1.0,144.0,5.0,17.8,43,7200,5.5,no,no,no,good,no,no,notckd,0
RDR1957044783,38.0,80.0,1.02,0.0,0.0,normal,normal,notpresent,notpresent,99.0,19.0,0.5,147.0,3.5,13.6,44,7300,6.4,no,no,no,good,no,no,notckd,1
RDR1957044789,35.0,70.0,1.025,0.0,0.0,,,notpresent,notpresent,82.0,36.0,1.1,150.0,3.5,14.5,52,9400,6.1,no,no,no,good,no,no,notckd,1
RDR1957044935,65.0,70.0,1.025,0.0,0.0,,,notpresent,notpresent,85.0,20.0,1.0,142.0,4.8,16.1,43,9600,4.5,no,no,no,good,no,no,notckd,0
RDR1957045395,29.0,80.0,1.02,0.0,0.0,normal,normal,notpresent,notpresent,83.0,49.0,0.9,139.0,3.3,17.5,40,9900,4.7,no,no,no,good,no,no,notckd,1
RDR1957045641,37.0,60.0,1.02,0.0,0.0,normal,normal,notpresent,notpresent,109.0,47.0,1.1,141.0,4.9,15.0,48,7000,5.2,no,no,no,good,no,no,notckd,0
RDR1957045692,39.0,60.0,1.02,0.0,0.0,normal,normal,notpresent,notpresent,86.0,37.0,0.6,150.0,5.0,13.6,51,5800,4.5,no,no,no,good,no,no,notckd,0
RDR1957045940,32.0,60.0,1.025,0.0,0.0,normal,normal,notpresent,notpresent,102.0,17.0,0.4,147.0,4.7,14.6,41,6800,5.1,no,no,no,good,no,no,notckd,0
RDR1957046053,23.0,60.0,1.02,0.0,0.0,normal,normal,notpresent,notpresent,95.0,24.0,0.8,145.0,5.0,15.0,52,6300,4.6,no,no,no,good,no,no,notckd,0
RDR1957046090,34.0,70.0,1.025,0.0,0.0,normal,normal,notpresent,notpresent,87.0,38.0,0.5,144.0,4.8,17.1,47,7400,6.1,no,no,no,good,no,no,notckd,0
RDR1957046631,66.0,70.0,1.025,0.0,0.0,normal,normal,notpresent,notpresent,107.0,16.0,1.1,140.0,3.6,13.6,42,11000,4.9,no,no,no,good,no,no,notckd,0
RDR1957046815,47.0,60.0,1.02,0.0,0.0,normal,normal,notpresent,notpresent,117.0,22.0,1.2,138.0,3.5,13.0,45,5200,5.6,no,no,no,good,no,no,notckd,1
RDR1957047408,74.0,60.0,1.02,0.0,0.0,normal,normal,notpresent,notpresent,88.0,50.0,0.6,147.0,3.7,17.2,53,6000,4.5,no,no,no,good,no,no,notckd,0
RDR1957047569,35.0,60.0,1.025,0.0,0.0,normal,normal,notpresent,notpresent,105.0,39.0,0.5,135.0,3.9,14.7,43,5800,6.2,no,no,no,good,no,no,notckd,0
RDR1957047571,29.0,80.0,1.02,0.0,0.0,normal,normal,notpresent,notpresent,70.0,16.0,0.7,138.0,3.5,13.7,54,5400,5.8,no,no,no,good,no,no,notckd,1
RDR1957047787,33.0,80.0,1.025,0.0,0.0,normal,normal,notpresent,notpresent,89.0,19.0,1.1,144.0,5.0,15.0,40,10300,4.8,no,no,no,good,no,no,notckd,0
RDR1957047828,67.0,80.0,1.025,0.0,0.0,normal,normal,notpresent,notpresent,99.0,40.0,0.5,,4.5,17.8,44,5900,5.2,no,no,no,good,no,no,notckd,0
RDR1957048027,73.0,80.0,1.025,0.0,0.0,normal,normal,notpresent,notpresent,118.0,44.0,0.7,137.0,3.5,14.8,45,9300,4.7,no,no,no,good,no,no,notckd,1
RDR1957048703,24.0,80.0,1.02,0.0,0.0,normal,normal,notpresent,notpresent,93.0,46.0,1.0,145.0,3.5,,,10700,6.3,no,no,no,good,no,no,notckd,1
RDR1957048870,60.0,80.0,1.025,0.0,0.0,normal,normal,notpresent,notpresent,81.0,15.0,0.5,141.0,3.6,15.0,46,10500,5.3,no,no,no,good,no,no,notckd,0
RDR1957049167,68.0,60.0,1.025,0.0,0.0,normal,normal,notpresent,notpresent,125.0,41.0,1.1,139.0,3.8,17.4,50,6700,6.1,no,no,no,good,no,no,notckd,0
RDR1957050633,30.0,80.0,1.025,0.0,0.0,normal,normal,notpresent,notpresent,82.0,42.0,0.7,146.0,5.0,14.9,45,9400,5.9,no,no,no,good,no,no,notckd,0
RDR1957050684,75.0,70.0,1.02,0.0,0.0,normal,normal,notpresent,notpresent,107.0,48.0,0.8,144.0,3.5,13.6,46,10300,4.8,no,no,no,good,no,no,notckd,1
RDR1957050747,69.0,70.0,1.02,0.0,0.0,normal,normal,notpresent,notpresent,83.0,42.0,1.2,139.0,3.7,16.2,50,9300,5.4,no,no,no,good,no,no,notckd,0
RDR1957050890,28.0,60.0,1.025,0.0,0.0,normal,normal,notpresent,notpresent,79.0,50.0,0.5,145.0,5.0,17.6,51,6500,5,no,no,no,good,no,no,notckd,0
RDR1957051517,72.0,60.0,1.02,0.0,0.0,normal,normal,notpresent,notpresent,109.0,26.0,0.9,150.0,4.9,15.0,52,10500,5.5,no,no,no,good,no,no,notckd,0
RDR1957052167,61.0,70.0,1.025,0.0,0.0,normal,normal,notpresent,notpresent,133.0,38.0,1.0,142.0,3.6,13.7,47,9200,4.9,no,no,no,good,no,no,notckd,0
RDR1957052211,79.0,80.0,1.025,0.0,0.0,normal,normal,notpresent,notpresent,111.0,44.0,1.2,146.0,3.6,16.3,40,8000,6.4,no,no,no,good,no,no,notckd,0
RDR1957052409,70.0,80.0,1.02,0.0,0.0,normal,normal,notpresent,notpresent,74.0,41.0,0.5,143.0,4.5,15.1,48,9700,5.6,no,no,no,good,no,no,notckd,0
RDR1957052932,58.0,70.0,1.025,0.0,0.0,normal,normal,notpresent,notpresent,88.0,16.0,1.1,147.0,3.5,16.4,53,9100,5.2,no,no,no,good,no,no,notckd,1
RDR1957053170,64.0,70.0,1.02,0.0,0.0,normal,normal,notpresent,notpresent,97.0,27.0,0.7,145.0,4.8,13.8,49,6400,4.8,no,no,no,good,no,no,notckd,0
RDR1957053247,71.0,60.0,1.025,0.0,0.0,normal,normal,notpresent,notpresent,,,0.9,140.0,4.8,15.2,42,7700,5.5,no,no,no,good,no,no,notckd,0
RDR1957053338,62.0,80.0,1.025,0.0,0.0,normal,normal,notpresent,notpresent,78.0,45.0,0.6,138.0,3.5,16.1,50,5400,5.7,no,no,no,good,no,no,notckd,1
RDR1957053409,59.0,60.0,1.02,0.0,0.0,normal,normal,notpresent,notpresent,113.0,23.0,1.1,139.0,3.5,15.3,54,6500,4.9,no,no,no,good,no,no,notckd,1
RDR1957053566,71.0,70.0,1.025,0.0,0.0,,,notpresent,notpresent,79.0,47.0,0.5,142.0,4.8,16.6,40,5800,5.9,no,no,no,good,no,no,notckd,0
RDR1957055178,48.0,80.0,1.025,0.0,0.0,normal,normal,notpresent,notpresent,75.0,22.0,0.8,137.0,5.0,16.8,51,6000,6.5,no,no,no,good,no,no,notckd,0
RDR1957055396,80.0,80.0,1.025,0.0,0.0,normal,normal,notpresent,notpresent,119.0,46.0,0.7,141.0,4.9,13.9,49,5100,5,no,no,no,good,no,no,notckd,0
RDR1957055530,57.0,60.0,1.02,0.0,0.0,normal,normal,notpresent,notpresent,132.0,18.0,1.1,150.0,4.7,15.4,42,11000,4.5,no,no,no,good,no,no,notckd,0
RDR1957055981,63.0,70.0,1.02,0.0,0.0,normal,normal,notpresent,notpresent,113.0,25.0,0.6,146.0,4.9,16.5,52,8000,5.1,no,no,no,good,no,no,notckd,0
RDR1957056027,46.0,70.0,1.025,0.0,0.0,normal,normal,notpresent,notpresent,100.0,47.0,0.5,142.0,3.5,16.4,43,5700,6.5,no,no,no,good,no,no,notckd,1
RDR1957056041,15.0,80.0,1.025,0.0,0.0,normal,normal,notpresent,notpresent,93.0,17.0,0.9,136.0,3.9,16.7,50,6200,5.2,no,no,no,good,no,no,notckd,0
RDR1957056896,51.0,80.0,1.02,0.0,0.0,normal,normal,notpresent,notpresent,94.0,15.0,1.2,144.0,3.7,15.5,46,9500,6.4,no,no,no,good,no,no,notckd,0
RDR1957057026,41.0,80.0,1.025,0.0,0.0,normal,normal,notpresent,notpresent,112.0,48.0,0.7,140.0,5.0,17.0,52,7200,5.8,no,no,no,good,no,no,notckd,0
RDR1957057469,52.0,80.0,1.025,0.0,0.0,normal,normal,notpresent,notpresent,99.0,25.0,0.8,135.0,3.7,15.0,52,6300,5.3,no,no,no,good,no,no,notckd,0
RDR1957057586,36.0,80.0,1.025,0.0,0.0,normal,normal,notpresent,notpresent,85.0,16.0,1.1,142.0,4.1,15.6,44,5800,6.3,no,no,no,good,no,no,notckd,0
RDR1957058130,57.0,80.0,1.02,0.0,0.0,normal,normal,notpresent,notpresent,133.0,48.0,1.2,147.0,4.3,14.8,46,6600,5.5,no,no,no,good,no,no,notckd,0
RDR1957058219,43.0,60.0,1.025,0.0,0.0,normal,normal,notpresent,notpresent,117.0,45.0,0.7,141.0,4.4,13.0,54,7400,5.4,no,no,no,good,no,no,notckd,0
RDR1957058436,50.0,80.0,1.02,0.0,0.0,normal,normal,notpresent,notpresent,137.0,46.0,0.8,139.0,5.0,14.1,45,9500,4.6,no,no,no,good,no,no,notckd,0
RDR1957058504,55.0,80.0,1.02,0.0,0.0,normal,normal,notpresent,notpresent,140.0,49.0,0.5,150.0,4.9,15.7,47,6700,4.9,no,no,no,good,no,no,notckd,0
RDR1957059348,42.0,70.0,1.025,0.0,0.0,normal,normal,notpresent,notpresent,75.0,31.0,1.2,141.0,3.5,16.5,54,7800,6.2,no,no,no,good,no,no,notckd,1
RDR1957059587,12.0,80.0,1.02,0.0,0.0,normal,normal,notpresent,notpresent,100.0,26.0,0.6,137.0,4.4,15.8,49,6600,5.4,no,no,no,good,no,no,notckd,0
RDR1957059671,17.0,60.0,1.025,0.0,0.0,normal,normal,notpresent,notpresent,114.0,50.0,1.0,135.0,4.9,14.2,51,7200,5.9,no,no,no,good,no,no,notckd,0
RDR1957059917,58.0,80.0,1.025,0.0,0.0,normal,normal,notpresent,notpresent,131.0,18.0,1.1,141.0,3.5,15.8,53,6800,6.1,no,no,no,good,no,no,notckd,1
